{
  "BTC/USD": -0.6638500000009662,
  "XRP/USD": 0.000013250000000004647
}