{
  "1-BTC/USD": 97409.71927049999,
  "1-XRP/USD": 2.14369281
}