{
  "1-ADA/USD": 0.699964965,
  "1-XRP/USD": 2.239133841137357
}