{
  "1-BTC/USD": 104165.28764499999,
  "1-XRP/USD": 2.6017300800000003,
  "1-USDT/USD": 1.00003
}