{
  "1-BTC/USD": 104165.28764499999,
  "1-XRP/USD": 2.33977
}