{
  "1-BTC/USD": 103715.17048,
  "1-DAI/USD": 0.999869986,
  "1-FLR/USD": 0.0202318207,
  "1-SGB/USD": 0.00739466546
}